Request_ID,Server,RTT_ms,Status
1,Server-4,84.44,SUCCESS
2,Server-3,408.64,SUCCESS
3,Server-5,16.48,SUCCESS
4,Server-3,407.38,SUCCESS
5,Server-4,83.47,SUCCESS
6,Server-5,12.17,SUCCESS
7,Server-3,404.83,SUCCESS
8,Server-4,80.64,SUCCESS
9,Server-5,13.03,SUCCESS
10,Server-3,403.68,SUCCESS
11,Server-4,82.62,SUCCESS
12,Server-5,12.06,SUCCESS
13,Server-3,405.28,SUCCESS
14,Server-4,80.29,SUCCESS
15,Server-5,15.05,SUCCESS
16,Server-3,405.68,SUCCESS
17,Server-4,83.08,SUCCESS
18,Server-5,10.96,SUCCESS
19,Server-3,401.95,SUCCESS
20,Server-4,81.79,SUCCESS
21,Server-5,12.6,SUCCESS
22,Server-3,408.78,SUCCESS
23,Server-4,86.34,SUCCESS
24,Server-5,13.18,SUCCESS
25,Server-3,404.66,SUCCESS
26,Server-4,82.19,SUCCESS
27,Server-5,17.54,SUCCESS
28,Server-3,415.45,SUCCESS
29,Server-4,87.98,SUCCESS
30,Server-5,11.02,SUCCESS
